attributes,Id,Name
[object Object],a0c1N00000Ko71yQAB,ILN-010240
[object Object],a0c1N00000KoPoxQAF,ILN-010259
[object Object],a0c1N00000Kof7UQAR,ILN-010375
[object Object],a0c1N00000KpvdNQAR,ILN-010759
[object Object],a0c1N00000Ly9GdQAJ,ILN-010062
[object Object],a0c1N00000LydT2QAJ,ILN-010229
[object Object],a0c1N00000LydT3QAJ,ILN-010230
[object Object],a0c1N00000LydT6QAJ,ILN-010233
[object Object],a0c1N00000LykoYQAR,ILN-010237
[object Object],a0c1N00000M0qSIQAZ,ILN-009926
[object Object],a0c1N00000M1JDJQA3,ILN-010026
[object Object],a0c1N00000M1W7SQAV,ILN-010051
[object Object],a0c1N00000MHYqXQAX,ILN-010868
[object Object],a0c1N00000MHlJLQA1,ILN-010921
[object Object],a0c1N00000MgN7HQAV,ILN-011494
[object Object],a0c1N00000Mwey2QAB,ILN-011734
[object Object],a0c1N00000MzCK1QAN,ILN-011873
[object Object],a0c1N00000MzCK4QAN,ILN-011876
[object Object],a0c1N00000MzCLZQA3,ILN-011886
[object Object],a0c1N00000MzQ4kQAF,ILN-011898